split,rows,fraud_cases,legitimate_cases,fraud_rate
full_dataset,284807,492,284315,0.001727485630620034
train,182276,365,181911,0.0020024578112313196
validation,45569,52,45517,0.0011411266431126425
test,56962,75,56887,0.001316667251852112
