model_name,family,imbalance_strategy,estimator_name,validation_average_precision,validation_f2,test_average_precision,test_f2,strict_queue_precision,strict_queue_recall,aggressive_queue_precision,aggressive_queue_recall,average_precision_gap,tuned
random_forest,tree_ensemble,class_weight,RandomForestClassifier,0.7410287722653307,0.7831325301204819,0.8124445877454498,0.7851239669421487,1.0,0.4533333333333333,0.4732824427480916,0.8266666666666667,0.2376166728926229,True
smote_random_forest,tree_ensemble,smote,RandomForestClassifier,0.7449835818591783,0.7738095238095238,0.8047656742477076,0.7945205479452054,1.0,0.4666666666666667,0.6555555555555556,0.7866666666666666,0.24059113062467707,False
balanced_random_forest,tree_ensemble,balanced_bootstrap,BalancedRandomForestClassifier,0.7438503491325988,0.7604562737642586,0.8040292281415071,0.7640750670241288,1.0,0.38666666666666666,0.4728682170542636,0.8133333333333334,0.16188742220815955,True
weighted_logistic_regression,linear_model,class_weight,LogisticRegression,0.7761750068607778,0.7569721115537847,0.7498342049645169,0.7320441988950277,0.9736842105263158,0.49333333333333335,0.47619047619047616,0.8,-0.03272517604591918,True
smote_logistic_regression,linear_model,smote,LogisticRegression,0.7773200910464626,0.7509881422924901,0.7986434570534816,0.7692307692307692,1.0,0.4533333333333333,0.5555555555555556,0.8,-0.028648204661957055,True
nearmiss_logistic_regression,linear_model,nearmiss,LogisticRegression,0.025274190524742855,0.13033175355450238,0.04604005269479397,0.19723865877712032,0.0,0.0,0.0,0.0,0.0481826528802999,False
